Brand,Resolution,Size ,Operating System,Selling Price(USD)
TOSHIBA,Ultra HD LED,55,VIDAA,455
TCL ,QLED Ultra HD,55,Android,634
realme ,HD LED,32,Android,168
Mi ,HD LED,32,Android,180
realme ,HD LED,32,Android,156
OnePlus,HD LED,32,Android,192
OnePlus,Full HD LED,43,Android,311
TCL ,Ultra HD LED,65,Android,694
Mi ,Full HD LED,40,Android,263
realme ,Ultra HD LED,43,Android,323
Mi ,Ultra HD LED,43,Android,335
Hisense,Ultra HD LED,55,Android,443
Mi ,Ultra HD LED,50,Android,431
Mi ,HD LED,32,Android,186
Mi ,HD LED,32,Android,180
Hisense,Ultra HD LED,70,Android,1076
LG ,HD LED,32,Linux,210
Mi ,Full HD LED,43,Android,311
Mi ,Ultra HD LED,55,Android,550
TOSHIBA,Ultra HD LED,43,VIDAA,335
MarQ by Flipkart,HD LED,32,,120
Mi ,Ultra HD LED,43,Android,383
iFFALCON by TCL,Ultra HD LED,55,Android,395
TCL ,Ultra HD LED,50,Android,407
OnePlus,Full HD LED,40,Android,269
Coocaa ,HD LED,32,Android,132
TOSHIBA,HD LED,32,VIDAA,150
Mi ,Full HD LED,43,Android,299
SAMSUNG,Ultra HD LED,43,Tizen,466
Mi ,Ultra HD LED,55,Android,514
LG ,Full HD LED,43,WebOS,401
Infinix,Full HD LED,43,Android,245
Mi ,Ultra HD LED,50,Android,502
Infinix,HD LED,32,Android,144
LG ,Ultra HD LED,55,WebOS,634
Vu,Ultra HD LED,55,Android,562
Nokia ,Ultra HD LED,43,Android,395
Vu,Ultra HD LED,43,Android,371
Nokia ,Ultra HD LED,50,Android,479
Thomson,Ultra HD LED,50,Android,395
Thomson,HD LED,24,Android,102
Mi ,QLED Ultra HD,55,Android,706
OnePlus,Ultra HD LED,55,Android,598
Vu,Ultra HD LED,50,Android,491
LG ,Ultra HD LED,43,WebOS,514
iFFALCON by TCL,Ultra HD LED,43,Android,299
Nokia ,Ultra HD LED,43,Android,383
Thomson,Full HD LED,42,Android,245
Thomson,Ultra HD LED,55,Android,419
iFFALCON by TCL,Full HD LED,43,Android,263
Nokia ,Ultra HD LED,55,Android,538
SONY ,HD LED,32,Linux,305
Thomson,Ultra HD LED,50,Android,383
KODAK ,Ultra HD LED,55,Android,443
MOTOROLA,Ultra HD LED,43,Android,395
Thomson,Full HD LED,40,Android,234
SAMSUNG,HD LED,32,Tizen,221
LG ,Ultra HD LED,50,WebOS,598
iFFALCON by TCL,Ultra HD LED,55,Android,431
Thomson,HD LED,32,Android,144
MOTOROLA,QLED Ultra HD,50,Android,550
MOTOROLA,Full HD LED,40,Android,299
KODAK ,HD LED,32,Android,156
SAMSUNG,Ultra HD LED,50,Tizen,622
MOTOROLA,HD LED,32,Android,251
TCL ,QLED Ultra HD,50,Android,550
SONY ,Full HD LED,43,Linux,520
PHILIPS,Ultra HD LED,58,Android,550
Coocaa ,Ultra HD LED,55,Android,419
PHILIPS,Ultra HD LED,50,Linux,467
Nokia ,QLED Ultra HD,55,Android,658
SONY ,Full HD LED,49,Android,538
KODAK ,Full HD LED,40,Android,234
KODAK ,Full HD LED,42,Android,245
MOTOROLA,Ultra HD LED,50,Android,479
Acer,HD LED,32,Android,168
TCL ,Full HD LED,55,Android,502
SAMSUNG,HD LED,32,Tizen,195
TCL ,Ultra HD LED,43,Linux,359
Blaupunkt,Full HD LED,42,Android,251
PHILIPS,Full HD LED,43,Android,359
Nokia ,Ultra HD LED,55,Android,479
Hisense,Ultra HD LED,55,Android,562
realme ,Ultra HD LED,50,Android,479
SAMSUNG,QLED Ultra HD,55,Tizen,921
Nokia ,HD LED,32,Android,198
PHILIPS,Ultra HD LED,50,Android,514
Mi ,Full HD LED,43,Android,299
Acer,Full HD LED,42,Android,263
Acer,Ultra HD LED,50,Android,419
KODAK ,Ultra HD LED,43,Android,311
Nokia ,Ultra HD LED,50,Android,431
Coocaa ,Full HD LED,42,Android,228
Blaupunkt,Ultra HD LED,50,Android,413
SAMSUNG,Ultra HD LED,55,Tizen,670
iFFALCON by TCL,QLED Ultra HD,55,Android,538
Thomson,Ultra HD LED,65,Android,646
SAMSUNG,Full HD LED,32,Tizen,250
iFFALCON by TCL,Full HD LED,40,Android,240
Blaupunkt,Ultra HD LED,43,Android,347
Thomson,Ultra HD LED,43,Android,275
Adsun,HD LED,32,Android,104
LG ,Ultra HD LED,55,WebOS,694
SONY ,Ultra HD LED,43,Linux,538
SAMSUNG,QLED Ultra HD,50,Tizen,1016
TCL ,Ultra HD LED,55,Android,479
Acer,Ultra HD LED,58,Android,467
Thomson,Ultra HD LED,43,Android,335
SAMSUNG,QLED Ultra HD,50,Tizen,825
Vu,Ultra HD LED,65,Android,682
TCL ,HD LED,32,Android,198
Hisense,Ultra HD LED,43,Android,359
KODAK ,Ultra HD LED,55,Android,413
SONY ,Full HD LED,43,Linux,537
Blaupunkt,Ultra HD LED,55,Android,479
Thomson,HD LED,32,Android,144
Hisense,Ultra HD LED,43,Android,371
SAMSUNG,Full HD LED,43,Tizen,395
SAMSUNG,Full HD LED,43,Tizen,438
KODAK ,HD LED,24,Android,102
Thomson,Ultra HD LED,55,Android,419
SONY ,Ultra HD LED,43,Linux,678
T-Series,HD LED,24,Android,120
MOTOROLA,HD LED,32,Android,216
Panasonic,Ultra HD LED,50,Android,455
MOTOROLA,QLED Ultra HD,55,Android,670
TCL ,Full HD LED,65,Android,765
Coocaa ,Ultra HD LED,43,Android,287
LG ,Ultra HD LED,55,WebOS,789
Coocaa ,Ultra HD LED,50,Android,377
TCL ,Full HD LED,43,Android,325
Vu,Ultra HD LED,43,Android,371
TOSHIBA,Full HD LED,43,VIDAA,269
Hisense,Ultra HD LED,58,Android,502
MOTOROLA,Ultra HD LED,65,Android,682
LG ,HD LED,32,WebOS,288
SAMSUNG,QLED Ultra HD,50,Tizen,885
Nokia ,Full HD LED,43,Android,323
Micromax,HD LED,32,Android,159
KODAK ,Ultra HD LED,50,Android,395
Micromax,HD LED,39,Android,228
KODAK ,Ultra HD LED,50,Android,371
Nokia ,Ultra HD LED,55,Android,538
iFFALCON by TCL,Ultra HD LED,65,Android,646
PHILIPS,Ultra HD LED,58,Android,502
Sansui ,Ultra HD LED,50,Android,443
SAMSUNG,QLED Ultra HD,43,Tizen,717
LG ,HD LED,32,Linux,238
OnePlus,Ultra HD LED,55,Android,634
MOTOROLA,Ultra HD LED,43,Android,431
SONY ,Full HD LED,43,Android,560
TCL ,Full HD LED,50,Android,419
SAMSUNG,Ultra HD LED,43,Tizen,501
Panasonic,Ultra HD LED,55,Linux,562
LG ,Ultra HD LED,43,WebOS,495
SONY ,Ultra HD LED,43,Linux,813
SAMSUNG,HD LED,32,Tizen,259
SAMSUNG,QLED Ultra HD,65,Tizen,1458
MOTOROLA,Ultra HD LED,65,Android,801
LG ,Ultra HD LED,65,WebOS,1000
SAMSUNG,QLED Ultra HD,55,Tizen,1542
SONY ,Ultra HD LED,49,Android,898
SONY ,Ultra HD LED,55,Linux,885
Croma ,HD LED,32,Android,132
SAMSUNG,Ultra HD LED,50,Tizen,694
LG ,Ultra HD LED,65,WebOS,1554
SAMSUNG,QLED Ultra HD,55,Tizen,1016
SAMSUNG,Ultra HD LED,43,Linux,543
Croma ,HD LED,24,Android,96
LG ,Ultra HD LED,55,WebOS,1644
SAMSUNG,HD LED,32,Tizen,358
TCL ,HD LED,32,Android,172
LG ,Ultra HD LED,48,WebOS,1076
TCL ,Ultra HD LED,65,Android,1757
LG ,Ultra HD LED,43,WebOS,658
LG ,Ultra HD LED,55,WebOS,777
LG ,HD LED,32,WebOS,340
Sansui ,Full HD LED,43,Android,329
LG ,Ultra HD LED,43,WebOS,522
SAMSUNG,Ultra HD LED,55,Tizen,717
LG ,Ultra HD LED,55,WebOS,911
realme ,Full HD LED,32,Android,216
Micromax,Full HD LED,43,Android,275
SAMSUNG,QLED Ultra HD,55,Tizen,1907
Micromax,Full HD LED,43,Android,287
LG ,Ultra HD LED,43,WebOS,568
LG ,Ultra HD LED,43,WebOS,562
TCL ,Full HD LED,75,Android,1731
LG ,HD LED,32,WebOS,266
Candes ,HD LED,24,Android,120
SAMSUNG,Ultra HD LED,50,Tizen,667
SAMSUNG,QLED Ultra HD,55,Tizen,1069
LG ,Ultra HD LED,43,WebOS,557
LG ,Full HD LED,55,WebOS,1243
SAMSUNG,Ultra HD LED,65,Tizen,1028
SAMSUNG,QLED Ultra HD,65,Tizen,3810
SAMSUNG,Ultra HD LED,43,Tizen,537
SAMSUNG,Ultra HD LED,43,Tizen,467
Mi ,HD LED,32,Android,180
LG ,Ultra HD LED,55,WebOS,684
LG ,Ultra HD LED,65,WebOS,1674
Dyanora,Full HD LED,42,Android,222
SONY ,Ultra HD LED,65,Linux,2031
iFFALCON by TCL,QLED Ultra HD,65,Android,1016
SONY ,Ultra HD LED,55,Android,1223
Dyanora,HD LED,32,Android,132
LG ,Ultra HD LED,65,WebOS,2391
LG ,Ultra HD LED,55,WebOS,1196
LG ,Ultra HD LED,55,WebOS,1864
LG ,Ultra HD LED,65,WebOS,3347
SAMSUNG,Ultra HD LED,55,Tizen,769
SONY ,Ultra HD LED,75,Linux,2385
SAMSUNG,QLED Ultra HD,65,Tizen,2690
SAMSUNG,Ultra HD LED,55,Tizen,1254
LG ,Ultra HD LED,43,WebOS,522
Hisense,HD LED,32,Android,221
LG ,Full HD LED,43,WebOS,437
SAMSUNG,QLED Ultra HD,55,Tizen,1733
LG ,Ultra HD LED,55,WebOS,1532
TCL ,Ultra HD LED,55,Android,664
Micromax,Ultra HD LED,49,Android,508
LG ,Ultra HD LED,55,WebOS,765
SAMSUNG,QLED Ultra HD,55,Tizen,1957
Blaupunkt,Ultra HD LED,65,Android,670
iFFALCON by TCL,Ultra HD LED,55,Android,443
SONY ,Ultra HD LED,65,Android,1363
Haier ,Full HD LED,42,Android,338
SAMSUNG,Ultra HD LED,65,Tizen,3537
SONY ,Ultra HD LED,65,Android,5618
Panasonic,Ultra HD LED,55,Linux,750
SONY ,Ultra HD LED,75,Android,3108
LG ,Ultra HD LED,65,WebOS,2988
TOSHIBA,Ultra HD LED,50,VIDAA,407
LG ,Full HD LED,49,WebOS,933
TOSHIBA,HD LED,32,VIDAA,210
iFFALCON by TCL,Ultra HD LED,75,Android,1793
Panasonic,Full HD LED,32,Android,275
LG ,Ultra HD LED,65,WebOS,1124
SAMSUNG,Ultra HD LED,50,Tizen,636
T-Series,HD LED,32,Linux,150
SAMSUNG,QLED Ultra HD,65,Tizen,1781
SAMSUNG,Ultra HD LED,43,Tizen,598
Onida,Full HD LED,40,Android,216
LG ,Ultra HD LED,65,WebOS,3144
LG ,Ultra HD LED,55,WebOS,1793
LG ,Ultra HD LED,65,WebOS,2690
Haier ,Ultra HD LED,43,Android,419
SONY ,HD LED,32,Android,316
SONY ,Full HD LED,50,Linux,721
Sansui ,Ultra HD LED,55,Android,1435
TCL ,Ultra HD LED,55,Android,568
Vu,Ultra HD LED,55,Android,502
RGL ,HD LED,24,HomeOS,120
SAMSUNG,Ultra HD LED,65,Tizen,3525
LG ,Ultra HD LED,70,WebOS,1136
Mi ,HD LED,32,Android,192
KODAK ,HD LED,32,Android,138
SAMSUNG,Full HD LED,43,Tizen,466
SONY ,Ultra HD LED,65,Android,3108
SAMSUNG,Ultra HD LED,65,Tizen,1907
LG ,Ultra HD LED,65,WebOS,1973
SONY ,Ultra HD LED,65,Android,1793
SAMSUNG,QLED Ultra HD,49,Tizen,897
PHILIPS,Full HD LED,43,Linux,347
Onida,Ultra HD LED,58,Android,636
SAMSUNG,Ultra HD LED,75,Tizen,2032
SAMSUNG,QLED Ultra HD,55,Tizen,1016
LG ,Ultra HD LED,55,WebOS,1494
LG ,Ultra HD LED,75,WebOS,4603
Candes ,HD LED,32,Android,136
SAMSUNG,Ultra HD LED,49,Tizen,2151
SAMSUNG,Full HD LED,43,Tizen,752
SONY ,Ultra HD LED,55,Linux,966
SONY ,Ultra HD LED,49,Android,773
Dyanora,HD LED,32,Android,150
MOTOROLA,Ultra HD LED,43,Android,371
SAMSUNG,QLED Ultra HD,65,Tizen,5629
SONY ,Ultra HD LED,55,Linux,1554
SAMSUNG,Ultra HD LED,55,Tizen,740
SAMSUNG,QLED Ultra HD,65,Tizen,2391
SAMSUNG,Ultra HD LED,55,Tizen,2449
TCL ,Full HD LED,40,Android,323
LG ,Ultra HD LED,55,WebOS,777
SAMSUNG,QLED Ultra HD,55,Tizen,3764
Sansui ,Ultra HD LED,55,Android,828
Lloyd ,Ultra HD LED,65,Linux,897
SONY ,Ultra HD LED,55,Android,1315
Thomson,HD LED,32,Android,204
LG ,Ultra HD LED,55,WebOS,741
PHILIPS,HD LED,32,Android,228
SAMSUNG,Ultra HD LED,49,Tizen,771
LG ,Ultra HD LED,55,WebOS,981
Panasonic,HD LED,32,Android,340
LG ,Ultra HD LED,65,WebOS,2391
SAMSUNG,Ultra HD LED,65,Tizen,1076
LumX ,Full HD LED,43,Android,263
SAMSUNG,QLED Ultra HD,43,Tizen,714
LG ,Ultra HD LED,65,WebOS,3227
SAMSUNG,Ultra HD LED,75,Tizen,2869
SAMSUNG,Ultra HD LED,55,Tizen,2892
SAMSUNG,Ultra HD LED,65,Tizen,1462
SONY ,Ultra HD LED,55,Android,1973
LG ,Full HD LED,49,WebOS,897
SONY ,Ultra HD LED,65,Android,2152
SAMSUNG,QLED Ultra HD,65,Tizen,3096
SONY ,Ultra HD LED,65,Android,1340
SONY ,HD LED,32,Linux,323
Sansui ,HD LED,32,Android,257
LG ,Full HD LED,43,WebOS,465
SAMSUNG,Ultra HD LED,55,Tizen,753
LG ,Ultra HD LED,65,WebOS,1076
Panasonic,Ultra HD LED,55,Linux,604
TCL ,Ultra HD LED,65,Android,1029
SAMSUNG,Full HD LED,55,Tizen,1422
SONY ,Ultra HD LED,50,Android,980
SAMSUNG,Ultra HD LED,49,Tizen,1553
LG ,Full HD LED,49,WebOS,776
Croma ,Ultra HD LED,55,FireTV OS,610
SAMSUNG,HD LED,32,Tizen,221
LG ,Ultra HD LED,55,WebOS,1375
Candes ,Full HD LED,40,Android,192
SAMSUNG,Ultra HD LED,65,Tizen,1076
PHILIPS,Ultra HD LED,50,Android,455
iFFALCON by TCL,Ultra HD LED,55,Android,526
SAMSUNG,Ultra HD LED,50,Tizen,1505
Micromax,HD LED,32,Android,192
LG ,Ultra HD LED,49,WebOS,968
LG ,Ultra HD LED,65,WebOS,1793
LG ,Full HD LED,49,WebOS,813
SAMSUNG,Ultra HD LED,50,Tizen,622
SAMSUNG,QLED Ultra HD,55,Tizen,3286
LG ,Ultra HD LED,55,WebOS,3885
Onix ,Ultra HD LED,50,Android,598
SAMSUNG,QLED Ultra HD,50,Tizen,837
SAMSUNG,Full HD LED,43,Tizen,548
SAMSUNG,QLED Ultra HD,55,Tizen,1459
Croma ,HD LED,32,FireTV OS,180
Acer,HD LED,32,Android,180
SAMSUNG,Full HD LED,48,Tizen,598
SAMSUNG,Ultra HD LED,75,Tizen,1913
iFFALCON by TCL,QLED Ultra HD,65,Android,1877
SAMSUNG,Ultra HD LED,43,Tizen,538
SAMSUNG,QLED Ultra HD,65,Tizen,1947
SAMSUNG,Ultra HD LED,55,Tizen,1744
LG ,Ultra HD LED,65,WebOS,1315
Dyanora,Ultra HD LED,50,Android,330
IMPEX ,HD LED,32,HomeOS,343
SAMSUNG,Ultra HD LED,43,Tizen,1074
LG ,Ultra HD LED,65,WebOS,4184
SAMSUNG,QLED Ultra HD,55,Tizen,1674
SONY ,Ultra HD LED,65,Android,1704
SAMSUNG,Ultra HD LED,65,Tizen,1999
IMPEX ,HD LED,39,HomeOS,348
LG ,Ultra HD LED,49,WebOS,1447
Croma ,Full HD LED,43,Android,383
SONY ,Ultra HD LED,43,Linux,765
SAMSUNG,QLED Ultra HD,55,Tizen,1267
IMPEX ,HD LED,40,HomeOS,340
Vu,QLED Ultra HD,85,Android,3108
SAMSUNG,Ultra HD LED,55,Tizen,1852
Candes ,Full HD LED,40,Android,192
SONY ,Ultra HD LED,50,Android,870
SAMSUNG,Full HD LED,49,Tizen,789
SAMSUNG,QLED Ultra HD,65,Tizen,1732
LG ,Ultra HD LED,65,WebOS,2737
TCL ,HD LED,32,Android,180
Sansui ,Ultra HD LED,43,Android,353
SAMSUNG,QLED Ultra HD,65,Tizen,1462
SAMSUNG,Ultra HD LED,55,Tizen,3406
SAMSUNG,Ultra HD LED,65,Tizen,1243
LG ,Ultra HD LED,55,WebOS,1172
SAMSUNG,HD LED,24,Tizen,182
Vu,Ultra HD LED,55,Android,561
Candes ,HD LED,24,Android,120
Hisense,HD LED,32,Android,210
Onida,HD LED,39,Android,287
SAMSUNG,Full HD LED,49,Tizen,547
Candes ,Full HD LED,40,Android,192
SAMSUNG,Ultra HD LED,49,Tizen,1756
LG ,Full HD LED,49,Linux,479
BPL ,Ultra HD LED,55,Android,604
Dyanora,HD LED,24,Android,96
SAMSUNG,HD LED,32,Tizen,235
SAMSUNG,QLED Ultra HD,65,Tizen,2630
SAMSUNG,QLED Ultra HD,55,Tizen,1076
Croma ,Ultra HD LED,43,FireTV OS,431
CloudWalker,Ultra HD LED,65,Android,718
TCL ,QLED Ultra HD,55,Android,574
MarQ by Flipkart,Ultra HD LED,65,Android,777
LG ,Ultra HD LED,75,WebOS,2271
Panasonic,Ultra HD LED,65,Linux,1039
SAMSUNG,QLED Ultra HD,50,Tizen,834
Nokia ,Ultra HD LED,65,Android,694
Thomson,HD LED,32,Android,162
SAMSUNG,Full HD LED,43,Tizen,443
Thomson,Full HD LED,43,Android,245
Blaupunkt,HD LED,32,Android,156
Lloyd ,HD LED,32,Linux,251
Oxygen ,Ultra HD LED,50,Android,431
Panasonic,Ultra HD LED,65,Linux,1080
Croma ,HD LED,32,Android,251
Croma ,Full HD LED,43,FireTV OS,371
Micromax,HD LED,32,Android,287
SAMSUNG,HD LED,32,Tizen,275
Power Guard,HD LED,32,Android,186
Akai ,Ultra HD LED,65,Android,872
VG ,Ultra HD LED,43,Android,299
Croma ,HD LED,32,FireTV OS,233
Infinix,Full HD LED,40,Android,228
Adsun,HD LED,24,Android,82
TCL ,Ultra HD LED,65,Android,825
KODAK ,Full HD LED,43,Android,269
MOTOROLA,Full HD LED,43,Android,335
Onix ,Full HD LED,43,Android,359
Sun King,HD LED,32,,299
LG ,Ultra HD LED,48,WebOS,1267
LG ,Ultra HD LED,65,WebOS,2092
TCL ,HD LED,32,Android,186
Onix ,Full HD LED,43,Android,467
TCL ,Ultra HD LED,55,Android,1255
SAMSUNG,Ultra HD LED,55,Tizen,1792
Haier ,Full HD LED,43,Android,365
VG ,HD LED,39,Android,227
SAMSUNG,Ultra HD LED,49,Tizen,1553
LG ,Full HD LED,49,WebOS,932
SAMSUNG,Ultra HD LED,49,Tizen,1632
KODAK ,HD LED,32,Android,138
Onix ,HD LED,32,Android,192
LG ,Ultra HD LED,48,WebOS,1243
SAMSUNG,QLED Ultra HD,49,Tizen,1016
Sansui ,Ultra HD LED,43,Android,419
Panasonic,HD LED,32,Android,252
Sansui ,HD LED,32,Linux,204
SAMSUNG,Full HD LED,43,Tizen,585
Candes ,Full HD LED,40,Android,192
SAMSUNG,Ultra HD LED,65,Tizen,1136
Compaq ,QLED Ultra HD,65,Android,1196
Panasonic,Ultra HD LED,65,Linux,1236
HUIDI ,HD LED,32,Android,132
IMPEX ,HD LED,32,HomeOS,357
HUIDI ,HD LED,24,Android,90
LG ,HD LED,32,Linux,221
Adsun,HD LED,32,Android,118
Micromax,HD LED,32,Android,168
Croma ,HD LED,32,Android,192
Sansui ,HD LED,32,Linux,183
TCL ,QLED Ultra HD,65,Android,1076
HUIDI ,HD LED,40,Android,204
Coocaa ,HD LED,32,Android,150
TCL ,QLED Ultra HD,55,Android,718
Sansui ,Full HD LED,40,Linux,299
Intex ,HD LED,39,Android,237
SAMSUNG,QLED Ultra HD,49,Tizen,777
SAMSUNG,QLED Ultra HD,55,Tizen,1267
LumX ,HD LED,32,Android,144
Candes ,Full HD LED,43,Android,251
Haier ,Ultra HD LED,65,Android,832
Haier ,Ultra HD LED,65,Android,1196
Lloyd ,Full HD LED,39,Linux,275
SAMSUNG,HD LED,32,Tizen,216
DETEL ,Ultra HD LED,55,Android,421
BPL ,Ultra HD LED,50,Android,508
LG ,Ultra HD LED,49,WebOS,718
LG ,Ultra HD LED,65,WebOS,1196
Haier ,HD LED,32,Android,223
JVC,Ultra HD LED,55,Android,455
Panasonic,Ultra HD LED,43,Linux,431
Haier ,HD LED,32,Android,219
T-Series,HD LED,40,Android,240
T-Series,HD LED,32,Linux,192
Lloyd ,HD LED,32,Linux,224
Lloyd ,Full HD LED,43,Linux,419
BPL ,HD LED,32,Android,198
LG ,Ultra HD LED,49,WebOS,706
BPL ,HD LED,43,Android,347
SAMSUNG,HD LED,32,Tizen,322
SONY ,Ultra HD LED,65,Android,2289
Lloyd ,Ultra HD LED,50,Linux,538
LG ,Ultra HD LED,65,WebOS,2271
Candes ,HD LED,24,Android,104
SAMSUNG,Ultra HD LED,50,Tizen,633
IMPEX ,Full HD LED,43,HomeOS,324
Haier ,Full HD LED,50,Android,514
LG ,Ultra HD LED,43,WebOS,957
LG ,Ultra HD LED,65,WebOS,1016
SAMSUNG,Ultra HD LED,55,Tizen,2748
Lloyd ,HD LED,31,Linux,198
TOSHIBA,Ultra HD LED,65,VIDAA,765
LG ,Ultra HD LED,55,WebOS,747
SAMSUNG,Ultra HD LED,55,Tizen,813
Power Guard,Ultra HD LED,55,Android,502
LG ,Full HD LED,43,WebOS,470
T-Series,Full HD LED,43,Android,323
Akai ,Ultra HD LED,55,Android,554
Power Guard,HD LED,32,Android,159
Power Guard,Ultra HD LED,49,Android,418
Candes ,HD LED,24,Android,120
KODAK ,Ultra HD LED,49,Android,574
T-Series,HD LED,40,Android,240
Power Guard,QLED Ultra HD,50,Android,622
JVC,Ultra HD LED,43,Android,323
T-Series,HD LED,40,Android,240
Dyanora,HD LED,40,Android,186
SAMSUNG,Full HD LED,49,Tizen,1106
Power Guard,QLED Ultra HD,55,Android,837
JVC,Ultra HD LED,55,Android,538
Power Guard,Ultra HD LED,65,Android,670
Hisense,QLED Ultra HD,75,Android,5976
SONY ,Ultra HD LED,43,Android,491
SAMSUNG,Full HD LED,43,Tizen,383
SAMSUNG,Full HD LED,43,Tizen,441
SAMSUNG,Full HD LED,43,Tizen,479
iFFALCON by TCL,Ultra HD LED,65,Android,640
Mi ,Ultra HD LED,55,Android,574
SAMSUNG,Ultra HD LED,55,Tizen,622
MOTOROLA,Ultra HD LED,50,Android,419
TCL ,Ultra HD LED,55,Android,459
TCL ,Ultra HD LED,43,Linux,359
KODAK ,Full HD LED,40,Android,186
SAMSUNG,Full HD LED,43,Tizen,419
Micromax,HD LED,32,Android,156
SONY ,Ultra HD LED,49,Android,598
LG ,Ultra HD LED,43,WebOS,443
SONY ,HD LED,32,Android,168
Thomson,Ultra HD LED,65,Android,574
Thomson,Full HD LED,43,Android,216
SAMSUNG,Ultra HD LED,43,Tizen,523
TCL ,Ultra HD LED,55,Linux,447
LG ,Ultra HD LED,75,WebOS,1793
TOSHIBA,Ultra HD LED,55,VIDAA,486
SAMSUNG,Ultra HD LED,43,Tizen,443
PHILIPS,Ultra HD LED,65,Android,945
Vu,Ultra HD LED,55,Linux,358
Micromax,Ultra HD LED,55,Android,598
LG ,Ultra HD LED,43,WebOS,453
SONY ,Ultra HD LED,49,Linux,730
LG ,Ultra HD LED,55,WebOS,1016
SAMSUNG,Full HD LED,43,Tizen,437
G-TEN ,HD LED,40,Android,192
LG ,Ultra HD LED,49,WebOS,565
TCL ,Ultra HD LED,50,Android,407
TCL ,Ultra HD LED,43,Android,334
SAMSUNG,HD LED,32,Tizen,144
LG ,Ultra HD LED,65,WebOS,1230
IMPEX ,HD LED,39,HomeOS,228
LG ,HD LED,28,Linux,167
SONY ,Full HD LED,40,Android,383
iFFALCON by TCL,Ultra HD LED,55,Android,383
SONY ,HD LED,32,Android,248
TCL ,HD LED,32,Linux,186
Compaq ,QLED Ultra HD,55,Android,718
SAMSUNG,Full HD LED,43,Tizen,443
PHILIPS,Full HD LED,43,Linux,299
Haier ,Full HD LED,40,Android,306
SAMSUNG,Ultra HD LED,43,Tizen,432
SAMSUNG,Full HD LED,43,Tizen,296
TCL ,Ultra HD LED,43,Linux,311
Vu,Ultra HD LED,75,Linux,1016
Skyworth,HD LED,24,,104
Maser ,HD LED,24,,90
IMPEX ,Full HD LED,43,HomeOS,435
SAMSUNG,HD LED,32,Tizen,182
TCL ,HD LED,24,HomeOS,90
PHILIPS,Full HD LED,42,Android,502
Micromax,HD LED,32,Android,180
Sanyo ,Ultra HD LED,55,Linux,610
SONY ,Ultra HD LED,55,Linux,1614
SONY ,HD LED,32,Linux,275
Micromax,HD LED,20,Android,78
SONY ,Ultra HD LED,55,Android,986
LG ,HD LED,32,WebOS,339
Vu,HD LED,32,Android,168
SONY ,Ultra HD LED,49,Android,791
SAMSUNG,Ultra HD LED,43,Tizen,431
Panasonic,Full HD LED,43,Android,443
LG ,Ultra HD LED,50,WebOS,538
LG ,HD LED,24,Linux,177
Micromax,HD LED,32,Android,126
SAMSUNG,HD LED,32,Tizen,210
Vu,Full HD LED,40,Android,204
SAMSUNG,Full HD LED,40,Tizen,239
TCL ,QLED Ultra HD,75,Android,1793
iFFALCON by TCL,Ultra HD LED,43,Android,359
Panasonic,Full HD LED,49,Linux,514
Vu,Full HD LED,43,Android,269
MURPHY ,Full HD LED,32,,156
Hisense,QLED Ultra HD,65,Android,1016
CloudWalker,Ultra HD LED,55,Android,443
SONY ,Full HD LED,32,Linux,383
Sanyo ,Ultra HD LED,49,Linux,479
Panasonic,Full HD LED,43,Android,335
Vu,Ultra HD LED,50,Android,446
LG ,Ultra HD LED,55,WebOS,1383
SONY ,Ultra HD LED,65,Android,1829
Micromax,Full HD LED,40,Android,227
LG ,Full HD LED,22,Linux,167
LG ,HD LED,24,Linux,174
SONY ,Ultra HD LED,65,Android,1683
Vu,Ultra HD LED,50,Android,335
Mi ,Ultra HD LED,55,Android,520
TCL ,Full HD LED,40,Linux,233
Panasonic,Ultra HD LED,65,Linux,1375
LG ,Ultra HD LED,43,WebOS,443
LG ,HD LED,32,Linux,235
Samsung,Full HD LED,50,Tizen,442
PHILIPS,Ultra HD LED,55,Android,586
Micromax,HD LED,22,Android,107
Vu,Ultra HD LED,50,Android,598
Mi ,Full HD LED,49,Android,395
Intex ,HD LED,32,Android,152
KODAK ,Full HD LED,49,Android,275
PHILIPS,HD LED,32,Android,130
Onida,Full HD LED,49,Android,359
Dektron,HD LED,24,Linux,84
RGL ,Full HD LED,21,HomeOS,63
SONY ,Full HD LED,52,Linux,453
CloudWalker,Full HD LED,43,Android,210
LG ,HD LED,24,Linux,186
TOSHIBA,Ultra HD LED,43,VIDAA,347
LG ,Full HD LED,22,Linux,149
iFFALCON by TCL,HD LED,32,Android,168
LG ,Full HD LED,32,WebOS,389
SAMSUNG,Full HD LED,40,Tizen,395
Micromax,HD LED,24,Android,70
CloudWalker,Ultra HD LED,55,Android,1010
SAMSUNG,Full HD LED,32,Tizen,241
SAMSUNG,Full HD LED,32,Tizen,192
Vu,HD LED,32,Android,180
LumX ,HD LED,32,Android,144
Panasonic,Full HD LED,43,Android,646
RGL ,Full HD LED,22,HomeOS,66
LG ,Full HD LED,32,WebOS,383
CloudWalker,HD LED,32,Android,144
Sharp ,Ultra HD LED,50,Linux,447
Candes ,Full HD LED,40,Android,192
Akai ,HD LED,32,Android,210
SONY ,Full HD LED,50,Linux,634
LG ,Full HD LED,43,WebOS,311
Candes ,HD LED,24,Android,120
Onida,Ultra HD LED,43,Android,357
MOTOROLA,Ultra HD LED,55,Android,479
Vu,Ultra HD LED,43,Android,287
CloudWalker,Full HD LED,39,Android,180
LG ,HD LED,32,WebOS,249
CloudWalker,HD LED,32,Android,215
CloudWalker,Full HD LED,43,Android,263
LG ,HD LED,24,Linux,81
DETEL ,HD LED,32,Android,94
Vu,HD LED,32,Android,132
CloudWalker,Ultra HD LED,43,Android,299
Panasonic,HD LED,32,Android,328
Panasonic,Ultra HD LED,49,Android,753
Panasonic,Ultra HD LED,55,Linux,1077
LG ,Full HD LED,43,Linux,298
Micromax,HD LED,32,Android,202
Panasonic,Full HD LED,32,Android,752
KRISONS,HD LED,20,Android,79
Panasonic,Full HD LED,40,Android,414
Thomson,Ultra HD LED,43,Android,299
Weston ,Ultra HD LED,55,Android,717
SAMSUNG,HD LED,32,Tizen,168
TCL ,Ultra HD LED,65,Android,1913
Panasonic,HD LED,32,Android,323
Croma ,HD LED,32,Android,168
TCL ,Ultra HD LED,55,Android,1399
Blaupunkt,Ultra HD LED,55,Android,349
TCL ,Ultra HD LED,65,Android,1913
Panasonic,HD LED,32,Android,323
Croma ,HD LED,32,Android,168
TCL ,Ultra HD LED,55,Android,1399
RGL ,Full HD LED,50,HomeOS,431
SAMSUNG,Full HD LED,46,Tizen,1046
AISEN  ,Ultra HD LED,55,Android,764
Panasonic,Ultra HD LED,55,Android,2019
AISEN  ,Ultra HD LED,49,Android,573
SAMSUNG,Ultra HD LED,55,Tizen,2139
SAMSUNG,Full HD LED,46,Tizen,1739
SAMSUNG,Full HD LED,60,Tizen,2521
SAMSUNG,Full HD LED,55,Tizen,1919
Samsung,Full HD LED,46,Tizen,1674
Samsung,Full HD LED,55,Tizen,2270
SAMSUNG,Full HD LED,55,Tizen,3192
G-TEN ,Full HD LED,43,Android,180
Onida,Full HD LED,43,Android,347
SAMSUNG,Full HD LED,55,Tizen,2617
Samsung,Full HD LED,55,Tizen,2988
LG ,Full HD LED,47,WebOS,1339
Samsung,HD Plasma,43,Tizen,538
SAMSUNG,Full HD LED,55,Tizen,2951
LG ,Ultra HD LED,49,WebOS,844
Onida,HD LED,32,Android,180
LG ,Full HD LED,49,WebOS,750
LG ,Ultra HD LED,55,WebOS,1576
LG ,Full HD LED,49,WebOS,706
LG ,Full HD LED,47,WebOS,1255
SAMSUNG,Ultra HD LED,55,Tizen,2134
Samsung,HD Plasma,49,Tizen,813
LG ,Ultra HD LED,49,WebOS,1136
Panasonic,Full HD LED,40,Android,586
LG ,Ultra HD LED,49,WebOS,924
RGL ,Full HD LED,39,HomeOS,198
LG ,Full HD LED,55,WebOS,2988
LG ,Ultra HD LED,49,WebOS,1223
LG ,Full HD LED,49,WebOS,804
LG ,Ultra HD LED,55,WebOS,1908
TCL ,Ultra HD LED,43,Android,574
LG ,HD Plasma,50,WebOS,694
Panasonic,Full HD LED,43,Android,368
LG ,Full HD LED,60,WebOS,2510
SAMSUNG,HD LED,32,Tizen,427
LG ,Ultra HD LED,49,WebOS,1223
LG ,Full HD LED,49,WebOS,804
LG ,Ultra HD LED,55,WebOS,1908
LG ,HD Plasma,50,WebOS,694
LG ,Full HD LED,60,WebOS,2510
Panasonic,Full HD LED,43,Android,368
IMPEX ,Full HD LED,43,Android,658
AISEN  ,Ultra HD LED,65,Android,957
SAMSUNG,Full HD LED,65,Tizen,4608
LG ,Ultra HD LED,55,WebOS,1700
SAMSUNG,Full HD LED,75,Tizen,5019
Onix ,Ultra HD LED,55,Android,813
G-TEN ,HD LED,40,Android,156
LG ,Full HD LED,60,WebOS,2271
SAMSUNG,HD LED,48,Tizen,843
TCL ,Ultra HD LED,55,Linux,897
Compaq ,Full HD LED,43,Android,275
Compaq ,Ultra HD LED,50,Android,395
Compaq ,HD LED,32,Android,168
Acer,Ultra HD LED,55,Android,479
Acer,HD LED,32,Android,180
Acer,Ultra HD LED,70,Android,837
Acer,Ultra HD LED,43,Android,419
Adsun,HD LED,39,Android,164
Adsun,Ultra HD LED,55,Android,341
Adsun,Ultra HD LED,50,Android,280
Adsun,HD LED,39,Android,188
AISEN  ,Ultra HD LED,43,Android,406
AISEN  ,HD LED,40,Android,216
AISEN  ,HD LED,32,Android,156
AISEN  ,Full HD LED,32,Android,216
AISEN  ,HD LED,24,Android,108
Akai ,Ultra HD LED,65,Android,872
Akai ,QLED Ultra HD,55,Android,669
Akai ,Ultra HD LED,55,Android,554
Blaupunkt,HD LED,32,Android,96
Blaupunkt,HD LED,24,Android,72
Blaupunkt,HD LED,32,Android,120
Blaupunkt,Ultra HD LED,49,Android,311
Blaupunkt,Full HD LED,43,Android,192
Blaupunkt,Full HD LED,40,Android,192
Blaupunkt,Ultra HD LED,43,Android,263
Blaupunkt,Ultra HD LED,49,Android,347
Coocaa ,Ultra HD LED,50,Android,347
Coocaa ,Ultra HD LED,50,Android,311
Coocaa ,Ultra HD LED,55,Android,383
Dektron,HD LED,19,Linux,66
Dektron,HD LED,22,Linux,84
Dektron,HD LED,20,Linux,89
DETEL ,HD LED,32,Android,136
G-TEN ,Full HD LED,43,Android,198
G-TEN ,HD LED,32,Android,120
G-TEN ,Ultra HD LED,50,Android,269
G-TEN ,Ultra HD LED,55,Android,352
G-TEN ,HD LED,32,Android,156
Haier ,Full HD LED,42,Android,371
Haier ,Full HD LED,43,Android,371
Haier ,Ultra HD LED,50,Android,462
Haier ,HD LED,32,Android,259
Haier ,Ultra HD LED,55,Android,652
Haier ,Ultra HD LED,50,Android,502
Haier ,Ultra HD LED,55,Android,573
Haier ,HD LED,39,Android,192
Haier ,HD LED,32,Android,93
HUIDI ,HD LED,32,Android,114
HUIDI ,Ultra HD LED,49,Android,323
HUIDI ,Ultra HD LED,55,Android,443
iFFALCON by TCL,Ultra HD LED,50,Android,347
iFFALCON by TCL,Ultra HD LED,55,Android,1363
iFFALCON by TCL,Ultra HD LED,65,Android,598
IMPEX ,HD LED,32,HomeOS,120
IMPEX ,HD LED,32,HomeOS,137
IMPEX ,HD LED,24,HomeOS,96
IMPEX ,Ultra HD LED,55,Android,728
IMPEX ,Full HD LED,50,Android,371
Intex ,HD LED,38,Android,237
Intex ,Full HD LED,55,Android,597
Intex ,Full HD LED,50,Android,353
Intex ,Full HD LED,43,Android,284
Intex ,Full HD LED,43,Android,431
JVC,Ultra HD LED,65,Android,658
JVC,HD LED,32,Android,204
JVC,HD LED,24,Android,156
KRISONS,HD LED,19,Android,66
KRISONS,HD LED,17,Android,66
Lloyd ,Full HD LED,43,Linux,419
Lloyd ,Ultra HD LED,50,Linux,538
Lloyd ,HD LED,32,Linux,224
Lloyd ,Full HD LED,39,Linux,275
Lloyd ,Full HD LED,48,Linux,479
Lloyd ,Ultra HD LED,43,Linux,407
Lloyd ,HD LED,32,Linux,180
Lloyd ,Ultra HD LED,42,Linux,311
Lloyd ,Full HD LED,55,Linux,1375
Lloyd ,Full HD LED,46,Linux,670
Lloyd ,HD LED,32,Linux,132
Lloyd ,HD LED,24,Linux,97
Lloyd ,Ultra HD LED,55,Linux,622
Lloyd ,HD LED,24,Linux,158
Lloyd ,Full HD LED,43,Linux,305
LumX ,HD LED,24,Android,88
LumX ,HD LED,40,Android,359
LumX ,Ultra HD LED,55,Android,788
MarQ by Flipkart,HD LED,24,,90
MarQ by Flipkart,Full HD LED,24,,84
MarQ by Flipkart,Full HD LED,32,,114
MarQ by Flipkart,HD LED,32,Android,162
MarQ by Flipkart,Full HD LED,40,Linux,228
MarQ by Flipkart,HD LED,32,Linux,126
Micromax,Ultra HD LED,43,Android,1100
Micromax,Full HD LED,40,Android,359
Micromax,Full HD LED,49,Android,789
Micromax,Full HD LED,50,Android,801
Micromax,Full HD LED,55,Android,861
Micromax,HD LED,24,Android,144
Micromax,Full HD LED,24,Android,74
Micromax,HD LED,20,Android,65
MOTOROLA,Ultra HD LED,55,Android,514
MURPHY ,Full HD LED,32,,168
MURPHY ,HD LED,24,,90
MURPHY ,Full HD LED,32,Android,201
OnePlus,Ultra HD LED,50,Android,526
OnePlus,QLED Ultra HD,55,Android,1016
OnePlus,Ultra HD LED,65,Android,801
OnePlus,QLED Ultra HD,55,Android,752
Onida,HD LED,24,Android,100
Onida,HD LED,32,Android,275
Onida,Ultra HD LED,43,Android,397
Onida,Full HD LED,32,Android,682
Onida,Full HD LED,32,Android,431
Onix ,HD LED,32,Android,237
Onix ,HD LED,39,Android,180
Onix ,Full HD LED,39,Android,431
Oxygen ,Ultra HD LED,65,Android,682
Oxygen ,Ultra HD LED,43,Android,335
Panasonic,Ultra HD LED,43,HomeOS,359
Panasonic,Ultra HD LED,49,HomeOS,518
Panasonic,Ultra HD LED,55,HomeOS,668
PHILIPS,Full HD LED,43,Linux,347
PHILIPS,HD LED,32,Linux,228
PHILIPS,Full HD LED,43,Android,400
PHILIPS,Full HD LED,22,,80
Power Guard,HD LED,24,HomeOS,132
Power Guard,HD LED,24,Android,144
Power Guard,HD LED,32,HomeOS,159
Power Guard,HD LED,32,Android,188
realme ,HD LED,32,Linux,144
realme ,Ultra HD LED,55,Android,562
RGL ,Full HD LED,20,HomeOS,58
RGL ,Full HD LED,21,HomeOS,63
RGL ,Full HD LED,24,HomeOS,66
RGL ,HD LED,32,HomeOS,135
Weston ,Full HD LED,40,Android,335
Weston ,Full HD LED,43,Android,455
Weston ,Ultra HD LED,43,Android,490
Weston ,Full HD LED,49,Android,598
Vu,Ultra HD LED,65,Linux,1387
Vu,Full HD LED,40,Linux,204
Vu,Ultra HD LED,43,Linux,287
Vu,Ultra HD LED,50,Linux,316
VG ,HD LED,32,Android,192
VG ,HD LED,39,Android,216
T-Series,HD LED,32,Linux,150
T-Series,HD LED,32,Android,198
T-Series,HD LED,32,Android,192
T-Series,Full HD LED,40,Android,222
TOSHIBA,Full HD LED,43,VIDAA,299
TOSHIBA,Ultra HD LED,65,VIDAA,801
TOSHIBA,Full HD LED,49,VIDAA,359
TOSHIBA,Ultra HD LED,65,VIDAA,1160
TCL ,HD LED,32,HomeOS,74
TCL ,HD LED,24,HomeOS,83
TCL ,HD LED,40,HomeOS,104
Sharp ,Full HD LED,60,Linux,2748
Sharp ,Full HD LED,46,Linux,1817
Sharp ,Full HD LED,70,Linux,5378
Sharp ,Full HD LED,52,Linux,2391
Sharp ,Full HD LED,40,Linux,1243
Sharp ,HD LED,32,Linux,192
Sharp ,HD LED,24,Linux,99
Sansui ,Ultra HD LED,43,Linux,365
Sansui ,Ultra HD LED,55,Linux,491
Sansui ,HD LED,32,Linux,183
Sansui ,QLED Ultra HD,55,Linux,597
Sansui ,Ultra HD LED,65,Linux,574
Sansui ,Full HD LED,49,Android,311
Sansui ,Ultra HD LED,49,Linux,717
Sansui ,HD LED,24,Android,126
SONY ,Ultra HD LED,55,Linux,948
SONY ,Full HD LED,43,Linux,537
SONY ,Ultra HD LED,65,Linux,1418
SONY ,Ultra HD LED,50,Linux,998
SONY ,Full HD LED,43,Linux,639
SONY ,Full HD LED,40,Linux,359
SONY ,HD LED,32,Linux,311
SONY ,Full HD LED,32,Linux,254
SONY ,Ultra HD LED,49,Linux,658
SONY ,Full HD LED,43,Linux,538
SONY ,Full HD LED,40,Linux,496
SONY ,Ultra HD LED,65,Linux,1793
SONY ,HD LED,32,Linux,394
SONY ,Full HD LED,43,Linux,681
